<?xml version="1.0" standalone="yes"?>
<NewDataSet>
  <xs:schema id="NewDataSet" xmlns="" xmlns:xs="http://www.w3.org/2001/XMLSchema" xmlns:msdata="urn:schemas-microsoft-com:xml-msdata">
    <xs:element name="NewDataSet" msdata:IsDataSet="true" msdata:MainDataTable="table" msdata:UseCurrentLocale="true">
      <xs:complexType>
        <xs:choice minOccurs="0" maxOccurs="unbounded">
          <xs:element name="table">
            <xs:complexType>
              <xs:sequence>
                <xs:element name="Condition_x0020_Type" type="xs:string" minOccurs="0" />
                <xs:element name="Action_x0020_Type" type="xs:string" minOccurs="0" />
                <xs:element name="Condition_x0020_Data" type="xs:string" minOccurs="0" />
                <xs:element name="Action_x0020_Data" type="xs:string" minOccurs="0" />
                <xs:element name="State" type="xs:string" minOccurs="0" />
              </xs:sequence>
            </xs:complexType>
          </xs:element>
        </xs:choice>
      </xs:complexType>
    </xs:element>
  </xs:schema>
  <table>
    <Condition_x0020_Type>SecondsInStateGE</Condition_x0020_Type>
    <Action_x0020_Type>SetState</Action_x0020_Type>
    <Condition_x0020_Data>4</Condition_x0020_Data>
    <Action_x0020_Data>Default3</Action_x0020_Data>
    <State>**Spam Text**</State>
  </table>
  <table>
    <Condition_x0020_Type>Always</Condition_x0020_Type>
    <Action_x0020_Type>ExpressionAct</Action_x0020_Type>
    <Condition_x0020_Data>0</Condition_x0020_Data>
    <Action_x0020_Data>setvar[PortalOne,VoD_HotDrop]</Action_x0020_Data>
    <State>**Set Variables**</State>
  </table>
  <table>
    <Condition_x0020_Type>Always</Condition_x0020_Type>
    <Action_x0020_Type>ExpressionAct</Action_x0020_Type>
    <Condition_x0020_Data>0</Condition_x0020_Data>
    <Action_x0020_Data>setvar[PortalTwo,WitheredBeach]</Action_x0020_Data>
    <State>**Set Variables**</State>
  </table>
  <table>
    <Condition_x0020_Type>Always</Condition_x0020_Type>
    <Action_x0020_Type>Multiple</Action_x0020_Type>
    <Condition_x0020_Data>0</Condition_x0020_Data>
    <Action_x0020_Data>ExpressionAct{setvar[ChatOneA,vodhotdrop]}ExpressionAct{setvar[ChatOneB,vodhot]}ExpressionAct{setvar[ChatTwoA,withered]}ExpressionAct{setvar[ChatTwoB,Withered]}</Action_x0020_Data>
    <State>**Set Variables**</State>
  </table>
  <table>
    <Condition_x0020_Type>Always</Condition_x0020_Type>
    <Action_x0020_Type>SetState</Action_x0020_Type>
    <Condition_x0020_Data>0</Condition_x0020_Data>
    <Action_x0020_Data>Default3</Action_x0020_Data>
    <State>**Set Variables**</State>
  </table>
  <table>
    <Condition_x0020_Type>Never</Condition_x0020_Type>
    <Action_x0020_Type>None</Action_x0020_Type>
    <Condition_x0020_Data>0</Condition_x0020_Data>
    <Action_x0020_Data>0</Action_x0020_Data>
    <State>Default</State>
  </table>
  <table>
    <Condition_x0020_Type>Always</Condition_x0020_Type>
    <Action_x0020_Type>ExpressionAct</Action_x0020_Type>
    <Condition_x0020_Data>0</Condition_x0020_Data>
    <Action_x0020_Data>setvar[SpamNumber,randint[0,5]]</Action_x0020_Data>
    <State>**Spam Text**</State>
  </table>
  <table>
    <Condition_x0020_Type>Expression</Condition_x0020_Type>
    <Action_x0020_Type>ChatWithExpression</Action_x0020_Type>
    <Condition_x0020_Data>getvar[SpamNumber]==0</Condition_x0020_Data>
    <Action_x0020_Data>\/say I am currently tied to +getvar[PortalOne]+\, \(say +getvar[ChatOneA]+\)\ and\ +getvar[PortalTwo]+\, \(say +getvar[ChatTwoA]+\)\.</Action_x0020_Data>
    <State>**Spam Text**</State>
  </table>
  <table>
    <Condition_x0020_Type>Expression</Condition_x0020_Type>
    <Action_x0020_Type>ChatWithExpression</Action_x0020_Type>
    <Condition_x0020_Data>getvar[SpamNumber]==1</Condition_x0020_Data>
    <Action_x0020_Data>\/say I have summoned +getvar[PortalOne]+\ +cstr[(getvar[TieOne])]+\ times and +getvar[PortalTwo]+\ +cstr[(getvar[TieTwo])]+\ times since last reset\.</Action_x0020_Data>
    <State>**Spam Text**</State>
  </table>
  <table>
    <Condition_x0020_Type>Expression</Condition_x0020_Type>
    <Action_x0020_Type>ChatCommand</Action_x0020_Type>
    <Condition_x0020_Data>getvar[SpamNumber]==2</Condition_x0020_Data>
    <Action_x0020_Data>Harli Quin's Portal Bot, Beta Version 1.0 - Made with MiMB.  See www.harliq.net\mimb</Action_x0020_Data>
    <State>**Spam Text**</State>
  </table>
  <table>
    <Condition_x0020_Type>Expression</Condition_x0020_Type>
    <Action_x0020_Type>ChatCommand</Action_x0020_Type>
    <Condition_x0020_Data>getvar[SpamNumber]==3</Condition_x0020_Data>
    <Action_x0020_Data>WHO needs a ride?</Action_x0020_Data>
    <State>**Spam Text**</State>
  </table>
  <table>
    <Condition_x0020_Type>Expression</Condition_x0020_Type>
    <Action_x0020_Type>ChatCommand</Action_x0020_Type>
    <Condition_x0020_Data>getvar[SpamNumber]==4</Condition_x0020_Data>
    <Action_x0020_Data>Tell me whereto to see where I am tied.</Action_x0020_Data>
    <State>**Spam Text**</State>
  </table>
  <table>
    <Condition_x0020_Type>Always</Condition_x0020_Type>
    <Action_x0020_Type>ExpressionAct</Action_x0020_Type>
    <Condition_x0020_Data>0</Condition_x0020_Data>
    <Action_x0020_Data>setvar[TieOne,0]</Action_x0020_Data>
    <State>Default</State>
  </table>
  <table>
    <Condition_x0020_Type>Always</Condition_x0020_Type>
    <Action_x0020_Type>ExpressionAct</Action_x0020_Type>
    <Condition_x0020_Data>0</Condition_x0020_Data>
    <Action_x0020_Data>setvar[TieTwo,0]</Action_x0020_Data>
    <State>Default</State>
  </table>
  <table>
    <Condition_x0020_Type>Always</Condition_x0020_Type>
    <Action_x0020_Type>ExpressionAct</Action_x0020_Type>
    <Condition_x0020_Data>0</Condition_x0020_Data>
    <Action_x0020_Data>setvar[SpamNumber,0]</Action_x0020_Data>
    <State>Default</State>
  </table>
  <table>
    <Condition_x0020_Type>Always</Condition_x0020_Type>
    <Action_x0020_Type>SetState</Action_x0020_Type>
    <Condition_x0020_Data>0</Condition_x0020_Data>
    <Action_x0020_Data>**Set Variables**</Action_x0020_Data>
    <State>Default</State>
  </table>
  <table>
    <Condition_x0020_Type>Any</Condition_x0020_Type>
    <Action_x0020_Type>SetState</Action_x0020_Type>
    <Condition_x0020_Data>ChatMessage{^.*().* (say|says|tells you), \"vodhotdrop\"$}ChatMessage{^.*().* (say|says|tells you), \"vodhot\"$}</Condition_x0020_Data>
    <Action_x0020_Data>Summon1</Action_x0020_Data>
    <State>Default3</State>
  </table>
  <table>
    <Condition_x0020_Type>Any</Condition_x0020_Type>
    <Action_x0020_Type>SetState</Action_x0020_Type>
    <Condition_x0020_Data>ChatMessage{^.*().* (say|says|tells you), \"withered\"$}ChatMessage{^.*().* (say|says|tells you), \"Withered\"$}</Condition_x0020_Data>
    <Action_x0020_Data>Summon2</Action_x0020_Data>
    <State>Default3</State>
  </table>
  <table>
    <Condition_x0020_Type>SecondsInStateGE</Condition_x0020_Type>
    <Action_x0020_Type>SetState</Action_x0020_Type>
    <Condition_x0020_Data>120</Condition_x0020_Data>
    <Action_x0020_Data>**Spam Text**</Action_x0020_Data>
    <State>Default3</State>
  </table>
  <table>
    <Condition_x0020_Type>ChatMessage</Condition_x0020_Type>
    <Action_x0020_Type>ChatWithExpression</Action_x0020_Type>
    <Condition_x0020_Data>^.*().* (say|says|tells you), \"whereto\"$</Condition_x0020_Data>
    <Action_x0020_Data>\/say I am currently tied to +getvar[PortalOne]+\, \(say +getvar[ChatOneA]+\)\ and\ +getvar[PortalTwo]+\, \(say +getvar[ChatTwoA]+\)\.</Action_x0020_Data>
    <State>Default3</State>
  </table>
  <table>
    <Condition_x0020_Type>ChatMessage</Condition_x0020_Type>
    <Action_x0020_Type>ChatWithExpression</Action_x0020_Type>
    <Condition_x0020_Data>^.*().* (say|says|tells you), \"stats\"$</Condition_x0020_Data>
    <Action_x0020_Data>\/r I have summoned +getvar[PortalOne]+\ +cstr[(getvar[TieOne])]+\ times and +getvar[PortalTwo]+\ +cstr[(getvar[TieTwo])]+\ times since last reset\.</Action_x0020_Data>
    <State>Default3</State>
  </table>
  <table>
    <Condition_x0020_Type>ChatMessage</Condition_x0020_Type>
    <Action_x0020_Type>SetState</Action_x0020_Type>
    <Condition_x0020_Data>^.*(Harli Quin|Quin Minion|Red Monika).* (say|says|tells you), \"reset\"$</Condition_x0020_Data>
    <Action_x0020_Data>Default</Action_x0020_Data>
    <State>Default3</State>
  </table>
  <table>
    <Condition_x0020_Type>Always</Condition_x0020_Type>
    <Action_x0020_Type>ExpressionAct</Action_x0020_Type>
    <Condition_x0020_Data>0</Condition_x0020_Data>
    <Action_x0020_Data>setvar[TieOne,getvar[TieOne]+1]</Action_x0020_Data>
    <State>Summon1</State>
  </table>
  <table>
    <Condition_x0020_Type>Always</Condition_x0020_Type>
    <Action_x0020_Type>ChatWithExpression</Action_x0020_Type>
    <Condition_x0020_Data>0</Condition_x0020_Data>
    <Action_x0020_Data>\/say +getvar[PortalOne]+\ is opening\, Please Wait\.</Action_x0020_Data>
    <State>Summon1</State>
  </table>
  <table>
    <Condition_x0020_Type>Always</Condition_x0020_Type>
    <Action_x0020_Type>ChatCommand</Action_x0020_Type>
    <Condition_x0020_Data>0</Condition_x0020_Data>
    <Action_x0020_Data>/mt face 250</Action_x0020_Data>
    <State>Summon1</State>
  </table>
  <table>
    <Condition_x0020_Type>SecondsInStateGE</Condition_x0020_Type>
    <Action_x0020_Type>ExpressionAct</Action_x0020_Type>
    <Condition_x0020_Data>2</Condition_x0020_Data>
    <Action_x0020_Data>actiontrycastbyid[157]</Action_x0020_Data>
    <State>Summon1</State>
  </table>
  <table>
    <Condition_x0020_Type>SecondsInStateGE</Condition_x0020_Type>
    <Action_x0020_Type>SetState</Action_x0020_Type>
    <Condition_x0020_Data>5</Condition_x0020_Data>
    <Action_x0020_Data>Default3</Action_x0020_Data>
    <State>Summon1</State>
  </table>
  <table>
    <Condition_x0020_Type>Always</Condition_x0020_Type>
    <Action_x0020_Type>ExpressionAct</Action_x0020_Type>
    <Condition_x0020_Data>0</Condition_x0020_Data>
    <Action_x0020_Data>setvar[TieTwo,getvar[TieTwo]+1]</Action_x0020_Data>
    <State>Summon2</State>
  </table>
  <table>
    <Condition_x0020_Type>Always</Condition_x0020_Type>
    <Action_x0020_Type>ChatWithExpression</Action_x0020_Type>
    <Condition_x0020_Data>0</Condition_x0020_Data>
    <Action_x0020_Data>\/say +getvar[PortalTwo]+\ is opening\, Please Wait\.</Action_x0020_Data>
    <State>Summon2</State>
  </table>
  <table>
    <Condition_x0020_Type>Always</Condition_x0020_Type>
    <Action_x0020_Type>ChatCommand</Action_x0020_Type>
    <Condition_x0020_Data>0</Condition_x0020_Data>
    <Action_x0020_Data>/mt face 280</Action_x0020_Data>
    <State>Summon2</State>
  </table>
  <table>
    <Condition_x0020_Type>SecondsInStateGE</Condition_x0020_Type>
    <Action_x0020_Type>ExpressionAct</Action_x0020_Type>
    <Condition_x0020_Data>2</Condition_x0020_Data>
    <Action_x0020_Data>actiontrycastbyid[2648]</Action_x0020_Data>
    <State>Summon2</State>
  </table>
  <table>
    <Condition_x0020_Type>SecondsInStateGE</Condition_x0020_Type>
    <Action_x0020_Type>SetState</Action_x0020_Type>
    <Condition_x0020_Data>5</Condition_x0020_Data>
    <Action_x0020_Data>Default3</Action_x0020_Data>
    <State>Summon2</State>
  </table>
  <table>
    <Condition_x0020_Type>ChatMessage</Condition_x0020_Type>
    <Action_x0020_Type>ChatWithExpression</Action_x0020_Type>
    <Condition_x0020_Data>^.*().* (say|says|tells you), \"help\"$</Condition_x0020_Data>
    <Action_x0020_Data>\/r I am a Portal Bot ran by Harli Quin\. I am currently tied to +getvar[PortalOne]+\, \(say +getvar[ChatOneA]+\)\ and\ +getvar[PortalTwo]+\, \(say +getvar[ChatTwoA]+\)\.</Action_x0020_Data>
    <State>Default3</State>
  </table>
</NewDataSet>