<?xml version="1.0" standalone="yes"?>
<NewDataSet>
  <xs:schema id="NewDataSet" xmlns="" xmlns:xs="http://www.w3.org/2001/XMLSchema" xmlns:msdata="urn:schemas-microsoft-com:xml-msdata">
    <xs:element name="NewDataSet" msdata:IsDataSet="true" msdata:MainDataTable="table" msdata:UseCurrentLocale="true">
      <xs:complexType>
        <xs:choice minOccurs="0" maxOccurs="unbounded">
          <xs:element name="table">
            <xs:complexType>
              <xs:sequence>
                <xs:element name="Condition_x0020_Type" type="xs:string" minOccurs="0" />
                <xs:element name="Action_x0020_Type" type="xs:string" minOccurs="0" />
                <xs:element name="Condition_x0020_Data" type="xs:string" minOccurs="0" />
                <xs:element name="Action_x0020_Data" type="xs:string" minOccurs="0" />
                <xs:element name="State" type="xs:string" minOccurs="0" />
              </xs:sequence>
            </xs:complexType>
          </xs:element>
        </xs:choice>
      </xs:complexType>
    </xs:element>
  </xs:schema>
  <table>
    <Condition_x0020_Type>Expression</Condition_x0020_Type>
    <Action_x0020_Type>SetState</Action_x0020_Type>
    <Condition_x0020_Data>getobjectinternaltype[wobjectfindininventorybytemplatetype[cnumber[getvar[gasalvageid]]]]==7</Condition_x0020_Data>
    <Action_x0020_Data>GiveAllSalvage</Action_x0020_Data>
    <State>GiveAllSalvageCheck</State>
  </table>
  <table>
    <Condition_x0020_Type>Always</Condition_x0020_Type>
    <Action_x0020_Type>Multiple</Action_x0020_Type>
    <Condition_x0020_Data>0</Condition_x0020_Data>
    <Action_x0020_Data>ExpressionAct{setvar[itemcount, 0]}SetState{AllEars}</Action_x0020_Data>
    <State>ResetVars</State>
  </table>
  <table>
    <Condition_x0020_Type>ChatMessage</Condition_x0020_Type>
    <Action_x0020_Type>Multiple</Action_x0020_Type>
    <Condition_x0020_Data>(^(\[[A-z]+?\] |)You|.*\&lt;Tell:IIDString:.+:(You)\&gt;.+\&lt;\\Tell\&gt;) (say|says|tells you|think), \"#gacharselect"$</Condition_x0020_Data>
    <Action_x0020_Data>ExpressionAct{setvar[gacharselect, wobjectgetname[wobjectgetselection[]]]}ChatWithExpression{\/s \#giveallchar +getvar[gacharselect]}SetState{AllEars}</Action_x0020_Data>
    <State>AllEars</State>
  </table>
  <table>
    <Condition_x0020_Type>ChatMessage</Condition_x0020_Type>
    <Action_x0020_Type>Multiple</Action_x0020_Type>
    <Condition_x0020_Data>(^(\[[A-z]+?\] |)You|.*\&lt;Tell:IIDString:.+:(You)\&gt;.+\&lt;\\Tell\&gt;) (say|says|tells you|think), \"#gaitemselect"$</Condition_x0020_Data>
    <Action_x0020_Data>ExpressionAct{setvar[gaitemselect, wobjectgetname[wobjectgetselection[]]]}ChatWithExpression{\/s \#giveallitem +getvar[gaitemselect]}SetState{AllEars}</Action_x0020_Data>
    <State>AllEars</State>
  </table>
  <table>
    <Condition_x0020_Type>Expression</Condition_x0020_Type>
    <Action_x0020_Type>SetState</Action_x0020_Type>
    <Condition_x0020_Data>getobjectinternaltype[wobjectfindininventorybyname[getvar[gaitem]]]==7</Condition_x0020_Data>
    <Action_x0020_Data>GiveAllItem</Action_x0020_Data>
    <State>GiveAllItemCheck</State>
  </table>
  <table>
    <Condition_x0020_Type>ChatMessage</Condition_x0020_Type>
    <Action_x0020_Type>Multiple</Action_x0020_Type>
    <Condition_x0020_Data>(^(\[[A-z]+?\] |)You|.*\&lt;Tell:IIDString:.+:(ControlCharacterOne|ControlCharacterTwo)\&gt;.+\&lt;\\Tell\&gt;) (say|says|tells you|think), \"#halt"$</Condition_x0020_Data>
    <Action_x0020_Data>ChatWithExpression{\/s HALTED I gave +cstr[getvar[itemcount]]+\ Bag+\(s\)+\ to +getvar[gacharacter]}SetState{ResetVars}</Action_x0020_Data>
    <State>GiveAllSalvage</State>
  </table>
  <table>
    <Condition_x0020_Type>ChatMessage</Condition_x0020_Type>
    <Action_x0020_Type>Multiple</Action_x0020_Type>
    <Condition_x0020_Data>(^(\[[A-z]+?\] |)You|.*\&lt;Tell:IIDString:.+:(ControlCharacterOne|ControlCharacterTwo)\&gt;.+\&lt;\\Tell\&gt;) (say|says|tells you|think), \"#halt"$</Condition_x0020_Data>
    <Action_x0020_Data>ChatWithExpression{\/s HALTED I gave +cstr[getvar[itemcount]]+\ +getvar[gaitem]+\(s\)+\ to +getvar[gacharacter]}SetState{ResetVars}</Action_x0020_Data>
    <State>GiveAllItem</State>
  </table>
  <table>
    <Condition_x0020_Type>Never</Condition_x0020_Type>
    <Action_x0020_Type>None</Action_x0020_Type>
    <Condition_x0020_Data>0</Condition_x0020_Data>
    <Action_x0020_Data>0</Action_x0020_Data>
    <State>Default</State>
  </table>
  <table>
    <Condition_x0020_Type>Always</Condition_x0020_Type>
    <Action_x0020_Type>ExpressionAct</Action_x0020_Type>
    <Condition_x0020_Data>0</Condition_x0020_Data>
    <Action_x0020_Data>actiontrygiveitem[wobjectfindininventorybyname[getvar[gaitem]], wobjectfindnearestbynameandobjectclass[24, getvar[gacharacter]]]</Action_x0020_Data>
    <State>GiveAllItem</State>
  </table>
  <table>
    <Condition_x0020_Type>Always</Condition_x0020_Type>
    <Action_x0020_Type>ExpressionAct</Action_x0020_Type>
    <Condition_x0020_Data>0</Condition_x0020_Data>
    <Action_x0020_Data>actiontrygiveitem[wobjectfindininventorybytemplatetype[cnumber[getvar[gasalvageid]]], wobjectfindnearestbynameandobjectclass[24, getvar[gacharacter]]]</Action_x0020_Data>
    <State>GiveAllSalvage</State>
  </table>
  <table>
    <Condition_x0020_Type>Always</Condition_x0020_Type>
    <Action_x0020_Type>ExpressionAct</Action_x0020_Type>
    <Condition_x0020_Data>0</Condition_x0020_Data>
    <Action_x0020_Data>setvar[itemcount, getvar[itemcount]+1]</Action_x0020_Data>
    <State>GiveAllSalvage</State>
  </table>
  <table>
    <Condition_x0020_Type>SecondsInStateGE</Condition_x0020_Type>
    <Action_x0020_Type>Multiple</Action_x0020_Type>
    <Condition_x0020_Data>1</Condition_x0020_Data>
    <Action_x0020_Data>ChatWithExpression{\/s I gave +cstr[getvar[itemcount]]+\ +getvar[gaitem]+\(s\)+\ to +getvar[gacharacter]}SetState{ResetVars}</Action_x0020_Data>
    <State>GiveAllItemCheck</State>
  </table>
  <table>
    <Condition_x0020_Type>Always</Condition_x0020_Type>
    <Action_x0020_Type>ExpressionAct</Action_x0020_Type>
    <Condition_x0020_Data>0</Condition_x0020_Data>
    <Action_x0020_Data>setvar[itemcount, getvar[itemcount]+1]</Action_x0020_Data>
    <State>GiveAllItem</State>
  </table>
  <table>
    <Condition_x0020_Type>SecondsInStateGE</Condition_x0020_Type>
    <Action_x0020_Type>SetState</Action_x0020_Type>
    <Condition_x0020_Data>1</Condition_x0020_Data>
    <Action_x0020_Data>GiveAllItemCheck</Action_x0020_Data>
    <State>GiveAllItem</State>
  </table>
  <table>
    <Condition_x0020_Type>SecondsInStateGE</Condition_x0020_Type>
    <Action_x0020_Type>SetState</Action_x0020_Type>
    <Condition_x0020_Data>1</Condition_x0020_Data>
    <Action_x0020_Data>GiveAllSalvageCheck</Action_x0020_Data>
    <State>GiveAllSalvage</State>
  </table>
  <table>
    <Condition_x0020_Type>SecondsInStateGE</Condition_x0020_Type>
    <Action_x0020_Type>Multiple</Action_x0020_Type>
    <Condition_x0020_Data>1</Condition_x0020_Data>
    <Action_x0020_Data>ChatWithExpression{\/s I gave +cstr[getvar[itemcount]]+\ Bag+\(s\)+\ to +getvar[gacharacter]}SetState{ResetVars}</Action_x0020_Data>
    <State>GiveAllSalvageCheck</State>
  </table>
  <table>
    <Condition_x0020_Type>ChatMessageCapture</Condition_x0020_Type>
    <Action_x0020_Type>ExpressionAct</Action_x0020_Type>
    <Condition_x0020_Data>(^(\[[A-z]+?\] |)You|.*\&lt;Tell:IIDString:.+:(ControlCharacterOne|ControlCharacterTwo)\&gt;.+\&lt;\\Tell\&gt;) (say|says|tells you|think), \"#giveallchar (?&lt;character&gt;.*)\"$;</Condition_x0020_Data>
    <Action_x0020_Data>setvar[gacharacter, getvar[capturegroup_character]]</Action_x0020_Data>
    <State>AllEars</State>
  </table>
  <table>
    <Condition_x0020_Type>ChatMessageCapture</Condition_x0020_Type>
    <Action_x0020_Type>Multiple</Action_x0020_Type>
    <Condition_x0020_Data>(^(\[[A-z]+?\] |)You|.*\&lt;Tell:IIDString:.+:(ControlCharacterOne|ControlCharacterTwo)\&gt;.+\&lt;\\Tell\&gt;) (say|says|tells you|think), \"#giveallitem (?&lt;item&gt;.*)\"$;</Condition_x0020_Data>
    <Action_x0020_Data>ExpressionAct{setvar[gaitem, getvar[capturegroup_item]]}SetState{GiveAllItemCheck}</Action_x0020_Data>
    <State>AllEars</State>
  </table>
  <table>
    <Condition_x0020_Type>ChatMessageCapture</Condition_x0020_Type>
    <Action_x0020_Type>Multiple</Action_x0020_Type>
    <Condition_x0020_Data>(^(\[[A-z]+?\] |)You|.*\&lt;Tell:IIDString:.+:(ControlCharacterOne|ControlCharacterTwo)\&gt;.+\&lt;\\Tell\&gt;) (say|says|tells you), \"#gasalvage (?&lt;salvage&gt;.*)\"$;</Condition_x0020_Data>
    <Action_x0020_Data>ExpressionAct{setvar[gasalvageid, getvar[capturegroup_salvage]]}SetState{GiveAllSalvageCheck}</Action_x0020_Data>
    <State>AllEars</State>
  </table>
  <table>
    <Condition_x0020_Type>Always</Condition_x0020_Type>
    <Action_x0020_Type>Multiple</Action_x0020_Type>
    <Condition_x0020_Data>0</Condition_x0020_Data>
    <Action_x0020_Data>ChatCommand{/ch setprofile FerrisMueller_config.txt}ChatCommand{/ch settab 1}</Action_x0020_Data>
    <State>Default</State>
  </table>
  <table>
    <Condition_x0020_Type>SecondsInStateGE</Condition_x0020_Type>
    <Action_x0020_Type>SetState</Action_x0020_Type>
    <Condition_x0020_Data>1</Condition_x0020_Data>
    <Action_x0020_Data>ResetVars</Action_x0020_Data>
    <State>Default</State>
  </table>
  <table>
    <Condition_x0020_Type>Never</Condition_x0020_Type>
    <Action_x0020_Type>None</Action_x0020_Type>
    <Condition_x0020_Data>0</Condition_x0020_Data>
    <Action_x0020_Data>0</Action_x0020_Data>
    <State>Default</State>
  </table>
</NewDataSet>