<?xml version="1.0"?>
<vvstheme name="MiamiMinimalist">
  <element name="DefaultTextFontFace" type="string" value="Calibri"/>
  <element name="DefaultTextFontSize" type="int" value="8"/>
  <element name="DefaultTextFontWeight" type="int" value="1"/>
  <element name="DefaultTextFontShadowSize" type="int" value="0"/>
  <element name="DefaultTextFontShadowAlpha" type="int" value="255"/>
  <element name="DefaultTextFontShadowColor" type="color" value="FF000000"/>
  <!-- VVS Background Color  -->
  <element name="ViewBackground" type="filloption">
	<color value="B31a1a1a" position="proportionrelative" relx="0" rely="0" relw="1" relh="1" />
  </element>
  <element name="TextBoxBackground" type="filloption">
    <color value="CC1f1414" position="proportionrelative" relx="0" rely="0" relw="1" relh="1" />
  </element>
  <element name="TextBoxBackground_MouseOver" type="filloption">
    <color value="CC1f1414" position="proportionrelative" relx="0" rely="0" relw="1" relh="1" />
  </element>
  <!--TextBox Text Color -->
  <element name="TextBoxForeground" type="color" value="FFEFF0F2"/>
  <element name="TextBoxCaret" type="color" value="FFEFF0F2"/>
  <element name="TextBoxTextFontFace" type="string" value="Calibri"/>
  <element name="TextBoxTextFontSize" type="float" value="9"/>
  <element name="TextBoxTextFontWeight" type="int" value="0"/>
  <element name="TextBoxTextFontShadowColor" type="color" value="FF000000"/>
  <element name="TextBoxTextFontShadowSize" type="int" value="0"/>
  <element name="TextBoxTextFontShadowAlpha" type="int" value="255"/>
  <element name="ButtonBackground" type="filloption">
    <color value="FF2B2B2B" position="proportionrelative" relx="0" rely="0" relw="1" relh="0.47" />
    <color value="FF20201E" position="proportionrelative" relx="0" rely="0.47" relw="1" relh="0.06" />
    <color value="FF191315" position="proportionrelative" relx="0" rely="0.53" relw="1" relh="0.47" />
  </element>
  <element name="ButtonBackground_Down" type="filloption">
    <color value="FF191315" position="proportionrelative" relx="0" rely="0" relw="1" relh="0.47" />
    <color value="FF20201E" position="proportionrelative" relx="0" rely="0.47" relw="1" relh="0.06" />
    <color value="FF2B2B2B" position="proportionrelative" relx="0" rely="0.53" relw="1" relh="0.47" />
  </element>
  <element name="ButtonBackground_MouseOver" type="filloption">
    <color value="FF2B2B2B" position="proportionrelative" relx="0" rely="0" relw="1" relh="0.47" />
    <color value="FF20201E" position="proportionrelative" relx="0" rely="0.47" relw="1" relh="0.06" />
    <color value="FF191315" position="proportionrelative" relx="0" rely="0.53" relw="1" relh="0.47" />
  </element>
  <element name="ButtonBackground_Down_MouseOver" type="filloption">
    <color value="FF191315" position="proportionrelative" relx="0" rely="0" relw="1" relh="0.47" />
    <color value="FF20201E" position="proportionrelative" relx="0" rely="0.47" relw="1" relh="0.06" />
    <color value="FF2B2B2B" position="proportionrelative" relx="0" rely="0.53" relw="1" relh="0.47" />
  </element>
  <!--Button Highlights -->
  <element name="ButtonShadow" type="filloption">
    <color value="FF363636" position="proportionrelative" relx="0" rely="0" relw="1" relh="1" />
  </element>
  <element name="ButtonHighlight" type="filloption">
    <color value="FF363636" position="proportionrelative" relx="0" rely="0" relw="1" relh="1" />
  </element>
  <!--Button Text Color -->
  <element name="ButtonText" type="color" value="FF00ace6"/>
  <!--View Text Color -->
  <element name="ViewText" type="color" value="FFff3399"/>
  <!--CheckBox Text Color -->
  <element name="CheckBoxText" type="color" value="FFff3399"/>
  <element name="CheckBoxUnchecked" type="filloption">
    <color value="CC1C1C1C" position="proportionrelative" relx="0" rely="0" relw="1" relh="1" />
    <color value="FF363636" position="pixelrelative" xfromside="left" xoffset="0" yfromside="top" yoffset="0" wtype="absolutesize" width="1" htype="fromheight" height="0" />
    <color value="FF363636" position="pixelrelative" xfromside="left" xoffset="0" yfromside="top" yoffset="0" wtype="fromwidth" width="0" htype="absolutesize" height="1" />
    <color value="FF363636" position="pixelrelative" xfromside="right" xoffset="1" yfromside="top" yoffset="0" wtype="absolutesize" width="1" htype="fromheight" height="0" />
    <color value="FF363636" position="pixelrelative" xfromside="left" xoffset="0" yfromside="bottom" yoffset="1" wtype="fromwidth" width="0" htype="absolutesize" height="1" />
  </element>
  <element name="CheckBoxChecked" type="filloption">
    <color value="CC1C1C1C" position="proportionrelative" relx="0" rely="0" relw="1" relh="1" />
    <color value="FF363636" position="pixelrelative" xfromside="left" xoffset="0" yfromside="top" yoffset="0" wtype="absolutesize" width="1" htype="fromheight" height="0" />
    <color value="FF363636" position="pixelrelative" xfromside="left" xoffset="0" yfromside="top" yoffset="0" wtype="fromwidth" width="0" htype="absolutesize" height="1" />
    <color value="FF363636" position="pixelrelative" xfromside="right" xoffset="1" yfromside="top" yoffset="0" wtype="absolutesize" width="1" htype="fromheight" height="0" />
    <color value="FF363636" position="pixelrelative" xfromside="left" xoffset="0" yfromside="bottom" yoffset="1" wtype="fromwidth" width="0" htype="absolutesize" height="1" />
    <customimage value="MiamiTheme_Images\CheckBoxChecked_0.png" position="proportionrelative" relx="0" rely="0" relw="1" relh="1" mode="stretch" />
  </element>
  <element name="CheckBoxUnchecked_MouseOver" type="filloption">
    <color value="CC1C1C1C" position="proportionrelative" relx="0" rely="0" relw="1" relh="1" />
    <color value="FF363636" position="pixelrelative" xfromside="left" xoffset="0" yfromside="top" yoffset="0" wtype="absolutesize" width="1" htype="fromheight" height="0" />
    <color value="FF363636" position="pixelrelative" xfromside="left" xoffset="0" yfromside="top" yoffset="0" wtype="fromwidth" width="0" htype="absolutesize" height="1" />
    <color value="FF363636" position="pixelrelative" xfromside="right" xoffset="1" yfromside="top" yoffset="0" wtype="absolutesize" width="1" htype="fromheight" height="0" />
    <color value="FF363636" position="pixelrelative" xfromside="left" xoffset="0" yfromside="bottom" yoffset="1" wtype="fromwidth" width="0" htype="absolutesize" height="1" />
  </element>
  <element name="CheckBoxChecked_MouseOver" type="filloption">
    <color value="CC1C1C1C" position="proportionrelative" relx="0" rely="0" relw="1" relh="1" />
    <color value="FF363636" position="pixelrelative" xfromside="left" xoffset="0" yfromside="top" yoffset="0" wtype="absolutesize" width="1" htype="fromheight" height="0" />
    <color value="FF363636" position="pixelrelative" xfromside="left" xoffset="0" yfromside="top" yoffset="0" wtype="fromwidth" width="0" htype="absolutesize" height="1" />
    <color value="FF363636" position="pixelrelative" xfromside="right" xoffset="1" yfromside="top" yoffset="0" wtype="absolutesize" width="1" htype="fromheight" height="0" />
    <color value="FF363636" position="pixelrelative" xfromside="left" xoffset="0" yfromside="bottom" yoffset="1" wtype="fromwidth" width="0" htype="absolutesize" height="1" />
    <customimage value="MiamiTheme_Images\CheckBoxChecked_MouseOver_0.png" position="proportionrelative" relx="0" rely="0" relw="1" relh="1" mode="stretch" />
  </element>
  <element name="CheckBoxPartialCheckedA" type="filloption">
    <color value="FF000000" position="proportionrelative" relx="0" rely="0" relw="1" relh="1" />
    <color value="FF363636" position="pixelrelative" xfromside="left" xoffset="0" yfromside="top" yoffset="0" wtype="absolutesize" width="1" htype="fromheight" height="0" />
    <color value="FF363636" position="pixelrelative" xfromside="left" xoffset="0" yfromside="top" yoffset="0" wtype="fromwidth" width="0" htype="absolutesize" height="1" />
    <color value="FF363636" position="pixelrelative" xfromside="right" xoffset="1" yfromside="top" yoffset="0" wtype="absolutesize" width="1" htype="fromheight" height="0" />
    <color value="FF363636" position="pixelrelative" xfromside="left" xoffset="0" yfromside="bottom" yoffset="1" wtype="fromwidth" width="0" htype="absolutesize" height="1" />
  </element>
  <element name="CheckBoxPartialCheckedB" type="filloption">
    <color value="FF000000" position="proportionrelative" relx="0" rely="0" relw="1" relh="1" />
    <color value="FF363636" position="pixelrelative" xfromside="left" xoffset="0" yfromside="top" yoffset="0" wtype="absolutesize" width="1" htype="fromheight" height="0" />
    <color value="FF363636" position="pixelrelative" xfromside="left" xoffset="0" yfromside="top" yoffset="0" wtype="fromwidth" width="0" htype="absolutesize" height="1" />
    <color value="FF363636" position="pixelrelative" xfromside="right" xoffset="1" yfromside="top" yoffset="0" wtype="absolutesize" width="1" htype="fromheight" height="0" />
    <color value="FF363636" position="pixelrelative" xfromside="left" xoffset="0" yfromside="bottom" yoffset="1" wtype="fromwidth" width="0" htype="absolutesize" height="1" />
    <customimage value="MiamiTheme_Images\CheckBoxPartialCheckedB_0.png" position="proportionrelative" relx="0" rely="0" relw="1" relh="1" mode="stretch" />
  </element>
  <!--ListBox Background Color -->
  <element name="ListBackground" type="filloption">
    <color value="CC262626" position="proportionrelative" relx="0" rely="0" relw="1" relh="1" />
  </element>
  <!--ListBox Text Color -->
  <element name="ListText" type="color" value="FF00cc33"/>
  <element name="ComboArrowUp" type="filloption">
    <color value="FF000000" position="proportionrelative" relx="0" rely="0" relw="1" relh="0.7" />
    <color value="FF2B2B2B" position="proportionrelative" relx="0" rely="0.7" relw="1" relh="0.3" />
    <color value="FF363636" position="proportionrelative" relx="0" rely="0" relw="0.0625" relh="1" />
    <color value="FF363636" position="proportionrelative" relx="0" rely="0" relw="1" relh="0.0625" />
    <color value="FF363636" position="proportionrelative" relx="0.9375" rely="0" relw="0.0625" relh="1" />
    <color value="FF363636" position="proportionrelative" relx="0" rely="0.9375" relw="1" relh="0.0625" />
    <customimage value="MiamiTheme_Images\ComboArrowUp_0.png" position="proportionrelative" relx="0" rely="0" relw="1" relh="1" mode="stretch" />
  </element>
  <element name="ComboArrowDown" type="filloption">
    <color value="FF2B2B2B" position="proportionrelative" relx="0" rely="0" relw="1" relh="0.3" />
    <color value="FF000000" position="proportionrelative" relx="0" rely="0.3" relw="1" relh="0.7" />
    <color value="FF363636" position="proportionrelative" relx="0" rely="0" relw="0.0625" relh="1" />
    <color value="FF363636" position="proportionrelative" relx="0" rely="0" relw="1" relh="0.0625" />
    <color value="FF363636" position="proportionrelative" relx="0.9375" rely="0" relw="0.0625" relh="1" />
    <color value="FF363636" position="proportionrelative" relx="0" rely="0.9375" relw="1" relh="0.0625" />
    <customimage value="MiamiTheme_Images\ComboArrowDown_0.png" position="proportionrelative" relx="0" rely="0" relw="1" relh="1" mode="stretch" />
  </element>
  <element name="ComboBackground_Unselected" type="filloption">
    <color value="e61C1C1C" position="proportionrelative" relx="0" rely="0" relw="1" relh="1" />
  </element>
  <element name="ComboBackground_Unselected_MouseOver" type="filloption">
    <color value="e61C1C1C" position="proportionrelative" relx="0" rely="0" relw="1" relh="1" />
  </element>
  <element name="ComboBackground_UnselectedDropdown" type="filloption">
    <color value="e61C1C1C" position="proportionrelative" relx="0" rely="0" relw="1" relh="1" />
  </element>
  <element name="ComboBackground_Selected" type="filloption">
    <color value="E6033337" position="proportionrelative" relx="0" rely="0" relw="1" relh="1" />
  </element>
  <element name="ComboBackground_Selecting" type="filloption">
    <color value="e6033337" position="proportionrelative" relx="0" rely="0" relw="1" relh="1" />
  </element>
  <element name="SliderNub" type="filloption">
    <color value="FF99667a" position="proportionrelative" relx="0" rely="0" relw="1" relh="1" />
    <color value="FF000000" position="proportionrelative" relx="0" rely="0" relw="1" relh="0.08333334" />
    <color value="FF000000" position="proportionrelative" relx="0" rely="0" relw="0.1428571" relh="1" />
    <color value="FF000000" position="proportionrelative" relx="0.8571429" rely="0" relw="0.1428571" relh="1" />
    <color value="FF000000" position="proportionrelative" relx="0" rely="0.9166667" relw="1" relh="0.08333334" />
  </element>
  <element name="SliderNubWidth" type="int" value="6"/>
  <element name="SliderNubHeight" type="int" value="12"/>
  <element name="SliderBarOuter" type="color" value="FF1C1C1C"/>
  <element name="SliderBarInner" type="color" value="FF330000"/>
  <element name="VScrollBarButtonSize" type="int" value="12"/>
  <element name="VScrollBarUpArrow" type="filloption">
    <color value="FF000000" position="proportionrelative" relx="0" rely="0" relw="1" relh="0.7" />
    <color value="FF2B2B2B" position="proportionrelative" relx="0" rely="0.7" relw="1" relh="0.3" />
    <color value="FF363636" position="proportionrelative" relx="0" rely="0" relw="0.0834" relh="1" />
    <color value="FF363636" position="proportionrelative" relx="0" rely="0" relw="1" relh="0.0834" />
    <color value="FF363636" position="proportionrelative" relx="0.9174001" rely="0" relw="0.0834" relh="1" />
    <color value="FF363636" position="proportionrelative" relx="0" rely="0.9174001" relw="1" relh="0.0834" />
    <customimage value="MiamiTheme_Images\VScrollBarUpArrow_0.png" position="proportionrelative" relx="0" rely="0" relw="1" relh="1" mode="stretch" />
  </element>
  <element name="VScrollBarDownArrow" type="filloption">
    <color value="FF2B2B2B" position="proportionrelative" relx="0" rely="0" relw="1" relh="0.3" />
    <color value="FF000000" position="proportionrelative" relx="0" rely="0.3" relw="1" relh="0.7" />
    <color value="FF363636" position="proportionrelative" relx="0" rely="0" relw="0.0834" relh="1" />
    <color value="FF363636" position="proportionrelative" relx="0" rely="0" relw="1" relh="0.0834" />
    <color value="FF363636" position="proportionrelative" relx="0.9174001" rely="0" relw="0.0834" relh="1" />
    <color value="FF363636" position="proportionrelative" relx="0" rely="0.9174001" relw="1" relh="0.0834" />
    <customimage value="MiamiTheme_Images\VScrollBarDownArrow_0.png" position="proportionrelative" relx="0" rely="0" relw="1" relh="1" mode="stretch" />
  </element>
  <element name="VScrollBarBackground" type="filloption">
    <color value="B3737373" position="proportionrelative" relx="0" rely="0" relw="1" relh="1" />
  </element>
  <element name="VScrollBarBubble" type="filloption">
    <color value="FF0000FF" position="proportionrelative" relx="0" rely="0" relw="1" relh="1" />
  </element>
  <element name="VScrollBarStretch" type="bool" value="True"/>
  <element name="VScrollBarBubbleTop" type="filloption">
    <color value="FF000000" position="proportionrelative" relx="0" rely="0" relw="0.5" relh="1" />
    <color value="FF2B2B2B" position="proportionrelative" relx="0.5" rely="0" relw="0.5" relh="1" />
    <color value="FF363636" position="proportionrelative" relx="0.9174001" rely="0" relw="0.0834" relh="1" />
    <color value="FF363636" position="proportionrelative" relx="0" rely="0" relw="0.0834" relh="1" />
    <color value="FF363636" position="proportionrelative" relx="0" rely="0" relw="1" relh="0.51" />
  </element>
  <element name="VScrollBarBubbleBottom" type="filloption">
    <color value="FF000000" position="proportionrelative" relx="0" rely="0" relw="0.5" relh="1" />
    <color value="FF2B2B2B" position="proportionrelative" relx="0.5" rely="0" relw="0.5" relh="1" />
    <color value="FF363636" position="proportionrelative" relx="0" rely="0.51" relw="1" relh="0.51" />
    <color value="FF363636" position="proportionrelative" relx="0.9174001" rely="0" relw="0.0834" relh="1" />
    <color value="FF363636" position="proportionrelative" relx="0" rely="0" relw="0.0834" relh="1" />
  </element>
  <element name="VScrollBarBubbleMiddle" type="filloption">
    <color value="FF000000" position="proportionrelative" relx="0" rely="0" relw="0.5" relh="1" />
    <color value="FF2B2B2B" position="proportionrelative" relx="0.5" rely="0" relw="0.5" relh="1" />
    <color value="FF363636" position="proportionrelative" relx="0.9174001" rely="0" relw="0.0834" relh="1" />
    <color value="FF363636" position="proportionrelative" relx="0" rely="0" relw="0.0834" relh="1" />
  </element>
  <element name="VScrollBarBubbleMiddleMouseover" type="filloption">
    <color value="FF000000" position="proportionrelative" relx="0" rely="0" relw="0.5" relh="1" />
    <color value="FF2B2B2B" position="proportionrelative" relx="0.5" rely="0" relw="0.5" relh="1" />
    <color value="FF363636" position="proportionrelative" relx="0.9174001" rely="0" relw="0.0834" relh="1" />
    <color value="FF363636" position="proportionrelative" relx="0" rely="0" relw="0.0834" relh="1" />
  </element>
  <element name="VScrollBarBubbleBottomMouseover" type="filloption">
    <color value="FF000000" position="proportionrelative" relx="0" rely="0" relw="0.5" relh="1" />
    <color value="FF2B2B2B" position="proportionrelative" relx="0.5" rely="0" relw="0.5" relh="1" />
    <color value="FF363636" position="proportionrelative" relx="0" rely="0.51" relw="1" relh="0.51" />
    <color value="FF363636" position="proportionrelative" relx="0.9174001" rely="0" relw="0.0834" relh="1" />
    <color value="FF363636" position="proportionrelative" relx="0" rely="0" relw="0.0834" relh="1" />
  </element>
  <element name="VScrollBarBubbleTopMouseover" type="filloption">
    <color value="FF000000" position="proportionrelative" relx="0" rely="0" relw="0.5" relh="1" />
    <color value="FF2B2B2B" position="proportionrelative" relx="0.5" rely="0" relw="0.5" relh="1" />
    <color value="FF363636" position="proportionrelative" relx="0.9174001" rely="0" relw="0.0834" relh="1" />
    <color value="FF363636" position="proportionrelative" relx="0" rely="0" relw="0.0834" relh="1" />
    <color value="FF363636" position="proportionrelative" relx="0" rely="0" relw="1" relh="0.51" />
  </element>
  <element name="VScrollBarBubbleMiddleDragging" type="filloption">
    <color value="FF000000" position="proportionrelative" relx="0" rely="0" relw="0.5" relh="1" />
    <color value="FF2B2B2B" position="proportionrelative" relx="0.5" rely="0" relw="0.5" relh="1" />
    <color value="FF363636" position="proportionrelative" relx="0.9174001" rely="0" relw="0.0834" relh="1" />
    <color value="FF363636" position="proportionrelative" relx="0" rely="0" relw="0.0834" relh="1" />
  </element>
  <element name="VScrollBarBubbleTopDragging" type="filloption">
    <color value="FF000000" position="proportionrelative" relx="0" rely="0" relw="0.5" relh="1" />
    <color value="FF2B2B2B" position="proportionrelative" relx="0.5" rely="0" relw="0.5" relh="1" />
    <color value="FF363636" position="proportionrelative" relx="0.9174001" rely="0" relw="0.0834" relh="1" />
    <color value="FF363636" position="proportionrelative" relx="0" rely="0" relw="0.0834" relh="1" />
    <color value="FF363636" position="proportionrelative" relx="0" rely="0" relw="1" relh="0.51" />
  </element>
  <element name="VScrollBarBubbleBottomDragging" type="filloption">
    <color value="FF000000" position="proportionrelative" relx="0" rely="0" relw="0.5" relh="1" />
    <color value="FF2B2B2B" position="proportionrelative" relx="0.5" rely="0" relw="0.5" relh="1" />
    <color value="FF363636" position="proportionrelative" relx="0" rely="0.51" relw="1" relh="0.51" />
    <color value="FF363636" position="proportionrelative" relx="0.9174001" rely="0" relw="0.0834" relh="1" />
    <color value="FF363636" position="proportionrelative" relx="0" rely="0" relw="0.0834" relh="1" />
  </element>
  <element name="VScrollBarBarTBHeight" type="int" value="2"/>
  <element name="VScrollBarBarMinHeight" type="int" value="12"/>
  <element name="ProgressBarFilled" type="filloption">
    <color value="FF0000FF" position="proportionrelative" relx="0" rely="0" relw="1" relh="1" />
  </element>
  <element name="ProgressBarEmpty" type="filloption">
    <color value="FF000000" position="proportionrelative" relx="0" rely="0" relw="1" relh="1" />
  </element>
  <element name="TabTextFontShadowSize_Selected" type="int" value="1"/>
  <element name="TabTextFontShadowAlpha_Selected" type="int" value="255"/>
  <element name="TabTextFontShadowColor_Selected" type="color" value="FF1F1F2E"/>
  <element name="TabTextFontShadowSize_Deselected" type="int" value="0"/>
  <element name="TabTextFontShadowAlpha_Deselected" type="int" value="255"/>
  <element name="TabTextFontShadowColor_Deselected" type="color" value="FF1F1F2E"/>
  <element name="TabTextFontName_Selected" type="string" value="Calibri"/>
  <element name="TabTextFontName_Deselected" type="string" value="Calibri"/>
  <element name="TabTextFontSize_Selected" type="float" value="7"/>
  <element name="TabTextFontSize_Deselected" type="float" value="7"/>
  <element name="TabTextFontWeight_Selected" type="int" value="1"/>
  <element name="TabTextFontWeight_Deselected" type="int" value="1"/>
  <!--Tab Selected & DeSelected Colors -->
  <element name="TabTextFontColor_Selected" type="color" value="cc4dd2ff"/>
  <element name="TabTextFontColor_Deselected" type="color" value="cc0086b3"/>
  <element name="TabTextHPadding" type="int" value="10"/>
  <element name="TabHeight" type="int" value="13"/>
  <element name="TabLeftBorder_Size" type="int" value="2"/>
  <element name="TabRightBorder_Size" type="int" value="3"/>
  <element name="TabViewSelected_Left" type="filloption">
    <color value="FF363636" position="proportionrelative" relx="0" rely="0.231" relw="0.51" relh="1" />
    <color value="FF363636" position="proportionrelative" relx="0.51" rely="0.154" relw="0.51" relh="0.077" />
    <color value="FF1C1C1C" position="proportionrelative" relx="0.51" rely="0.231" relw="0.51" relh="1" />
  </element>
  <element name="TabViewSelected_Center" type="filloption">
    <color value="FF1C1C1C" position="proportionrelative" relx="0" rely="0.154" relw="1" relh="1" />
    <color value="FF363636" position="proportionrelative" relx="0" rely="0.077" relw="1" relh="0.077" />
  </element>
  <element name="TabViewSelected_Right" type="filloption">
    <color value="FF363636" position="proportionrelative" relx="0.34" rely="0.231" relw="0.34" relh="1" />
    <color value="FF363636" position="proportionrelative" relx="0" rely="0.154" relw="0.34" relh="0.077" />
    <color value="FF1C1C1C" position="proportionrelative" relx="0" rely="0.231" relw="0.34" relh="1" />
    <color value="FF363636" position="proportionrelative" relx="0.68" rely="0.924" relw="0.34" relh="0.077" />
  </element>
  <element name="TabViewNormal_Left" type="filloption">
    <color value="FF363636" position="proportionrelative" relx="0" rely="0.231" relw="0.51" relh="1" />
    <color value="FF363636" position="proportionrelative" relx="0.51" rely="0.154" relw="0.51" relh="0.077" />
    <color value="FF000000" position="proportionrelative" relx="0.51" rely="0.231" relw="0.51" relh="1" />
    <color value="FF363636" position="proportionrelative" relx="0" rely="0.924" relw="1" relh="0.077" />
  </element>
  <element name="TabViewNormal_Center" type="filloption">
    <color value="FF000000" position="proportionrelative" relx="0" rely="0.154" relw="1" relh="1" />
    <color value="FF363636" position="proportionrelative" relx="0" rely="0.077" relw="1" relh="0.077" />
    <color value="FF363636" position="proportionrelative" relx="0" rely="0.924" relw="1" relh="0.077" />
  </element>
  <element name="TabViewNormal_Right" type="filloption">
    <color value="FF363636" position="proportionrelative" relx="0.34" rely="0.231" relw="0.34" relh="1" />
    <color value="FF363636" position="proportionrelative" relx="0" rely="0.154" relw="0.34" relh="0.077" />
    <color value="FF000000" position="proportionrelative" relx="0" rely="0.231" relw="0.34" relh="1" />
    <color value="FF363636" position="proportionrelative" relx="0" rely="0.924" relw="1" relh="0.077" />
  </element>
  <element name="TabViewSelected_Left_MouseOver" type="filloption">
    <color value="FF363636" position="proportionrelative" relx="0" rely="0.231" relw="0.51" relh="1" />
    <color value="FF363636" position="proportionrelative" relx="0.51" rely="0.154" relw="0.51" relh="0.077" />
    <color value="FF1C1C1C" position="proportionrelative" relx="0.51" rely="0.231" relw="0.51" relh="1" />
  </element>
  <element name="TabViewSelected_Center_MouseOver" type="filloption">
    <color value="FF1C1C1C" position="proportionrelative" relx="0" rely="0.154" relw="1" relh="1" />
    <color value="FF363636" position="proportionrelative" relx="0" rely="0.077" relw="1" relh="0.077" />
  </element>
  <element name="TabViewSelected_Right_MouseOver" type="filloption">
    <color value="FF363636" position="proportionrelative" relx="0.34" rely="0.231" relw="0.34" relh="1" />
    <color value="FF363636" position="proportionrelative" relx="0" rely="0.154" relw="0.34" relh="0.077" />
    <color value="FF1C1C1C" position="proportionrelative" relx="0" rely="0.231" relw="0.34" relh="1" />
    <color value="FF363636" position="proportionrelative" relx="0.68" rely="0.924" relw="0.34" relh="0.077" />
  </element>
  <element name="TabViewNormal_Left_MouseOver" type="filloption">
    <color value="FF363636" position="proportionrelative" relx="0" rely="0.231" relw="0.51" relh="1" />
    <color value="FF363636" position="proportionrelative" relx="0.51" rely="0.154" relw="0.51" relh="0.077" />
    <color value="FF000000" position="proportionrelative" relx="0.51" rely="0.231" relw="0.51" relh="1" />
    <color value="FF363636" position="proportionrelative" relx="0" rely="0.924" relw="1" relh="0.077" />
  </element>
  <element name="TabViewNormal_Center_MouseOver" type="filloption">
    <color value="FF000000" position="proportionrelative" relx="0" rely="0.154" relw="1" relh="1" />
    <color value="FF363636" position="proportionrelative" relx="0" rely="0.077" relw="1" relh="0.077" />
    <color value="FF363636" position="proportionrelative" relx="0" rely="0.924" relw="1" relh="0.077" />
  </element>
  <element name="TabViewNormal_Right_MouseOver" type="filloption">
    <color value="FF363636" position="proportionrelative" relx="0.34" rely="0.231" relw="0.34" relh="1" />
    <color value="FF363636" position="proportionrelative" relx="0" rely="0.154" relw="0.34" relh="0.077" />
    <color value="FF000000" position="proportionrelative" relx="0" rely="0.231" relw="0.34" relh="1" />
    <color value="FF363636" position="proportionrelative" relx="0" rely="0.924" relw="1" relh="0.077" />
  </element>
  <element name="TabViewExtraSpace" type="filloption">
    <color value="FF000000" position="proportionrelative" relx="0" rely="0" relw="1" relh="1" />
    <color value="FF363636" position="proportionrelative" relx="0" rely="0.924" relw="1" relh="0.077" />
  </element>
  <element name="CTButtonUp_On" type="filloption">
    <customimage value="MiamiTheme_Images\CTButtonUp_On_0.png" position="proportionrelative" relx="0" rely="0" relw="1" relh="1" mode="stretch" />
  </element>
  <element name="CTButtonDown_On" type="filloption">
    <customimage value="MiamiTheme_Images\CTButtonDown_On_0.png" position="proportionrelative" relx="0" rely="0" relw="1" relh="1" mode="stretch" />
  </element>
  <element name="CTButtonUp_Off" type="filloption">
    <customimage value="MiamiTheme_Images\CTButtonUp_Off_0.png" position="proportionrelative" relx="0" rely="0" relw="1" relh="1" mode="stretch" />
  </element>
  <element name="CTButtonDown_Off" type="filloption">
    <customimage value="MiamiTheme_Images\CTButtonDown_Off_0.png" position="proportionrelative" relx="0" rely="0" relw="1" relh="1" mode="stretch" />
  </element>
  <element name="GhostButtonUp" type="filloption">
    <customimage value="MiamiTheme_Images\GhostButtonUp_0.png" position="proportionrelative" relx="0" rely="0" relw="1" relh="1" mode="stretch" />
  </element>
  <element name="GhostButtonDown" type="filloption">
    <customimage value="MiamiTheme_Images\GhostButtonDown_0.png" position="proportionrelative" relx="0" rely="0" relw="1" relh="1" mode="stretch" />
  </element>
  <element name="CloseButtonUp" type="filloption">
    <customimage value="MiamiTheme_Images\CloseButtonUp_0.png" position="proportionrelative" relx="0" rely="0" relw="1" relh="1" mode="stretch" />
    <color value="FF363636" position="proportionrelative" relx="0" rely="0" relw="0.1" relh="1" />
    <color value="FF363636" position="proportionrelative" relx="0" rely="0" relw="1" relh="0.1" />
    <color value="FF363636" position="proportionrelative" relx="0.9" rely="0" relw="0.1" relh="1" />
    <color value="FF363636" position="proportionrelative" relx="0" rely="0.9" relw="1" relh="0.1" />
  </element>
  <element name="CloseButtonDown" type="filloption">
    <customimage value="MiamiTheme_Images\CloseButtonDown_0.png" position="proportionrelative" relx="0" rely="0" relw="1" relh="1" mode="stretch" />
    <color value="FF363636" position="proportionrelative" relx="0" rely="0" relw="0.1" relh="1" />
    <color value="FF363636" position="proportionrelative" relx="0" rely="0" relw="1" relh="0.1" />
    <color value="FF363636" position="proportionrelative" relx="0.9" rely="0" relw="0.1" relh="1" />
    <color value="FF363636" position="proportionrelative" relx="0" rely="0.9" relw="1" relh="0.1" />
  </element>
  <element name="AlphaUpButtonUp" type="filloption">
    <customimage value="MiamiTheme_Images\AlphaUpButtonUp_0.png" position="proportionrelative" relx="0" rely="0" relw="1" relh="1" mode="stretch" />
    <color value="FF363636" position="proportionrelative" relx="0" rely="0" relw="0.1" relh="1" />
    <color value="FF363636" position="proportionrelative" relx="0" rely="0" relw="1" relh="0.1" />
    <color value="FF363636" position="proportionrelative" relx="0.9" rely="0" relw="0.1" relh="1" />
    <color value="FF363636" position="proportionrelative" relx="0" rely="0.9" relw="1" relh="0.1" />
  </element>
  <element name="AlphaUpButtonDown" type="filloption">
    <customimage value="MiamiTheme_Images\AlphaUpButtonDown_0.png" position="proportionrelative" relx="0" rely="0" relw="1" relh="1" mode="stretch" />
    <color value="FF363636" position="proportionrelative" relx="0" rely="0" relw="0.1" relh="1" />
    <color value="FF363636" position="proportionrelative" relx="0" rely="0" relw="1" relh="0.1" />
    <color value="FF363636" position="proportionrelative" relx="0.9" rely="0" relw="0.1" relh="1" />
    <color value="FF363636" position="proportionrelative" relx="0" rely="0.9" relw="1" relh="0.1" />
  </element>
  <element name="AlphaDownButtonUp" type="filloption">
    <customimage value="MiamiTheme_Images\AlphaDownButtonUp_0.png" position="proportionrelative" relx="0" rely="0" relw="1" relh="1" mode="stretch" />
    <color value="FF363636" position="proportionrelative" relx="0" rely="0" relw="0.1" relh="1" />
    <color value="FF363636" position="proportionrelative" relx="0" rely="0" relw="1" relh="0.1" />
    <color value="FF363636" position="proportionrelative" relx="0.9" rely="0" relw="0.1" relh="1" />
    <color value="FF363636" position="proportionrelative" relx="0" rely="0.9" relw="1" relh="0.1" />
  </element>
  <element name="AlphaDownButtonDown" type="filloption">
    <customimage value="MiamiTheme_Images\AlphaDownButtonDown_0.png" position="proportionrelative" relx="0" rely="0" relw="1" relh="1" mode="stretch" />
    <color value="FF363636" position="proportionrelative" relx="0" rely="0" relw="0.1" relh="1" />
    <color value="FF363636" position="proportionrelative" relx="0" rely="0" relw="1" relh="0.1" />
    <color value="FF363636" position="proportionrelative" relx="0.9" rely="0" relw="0.1" relh="1" />
    <color value="FF363636" position="proportionrelative" relx="0" rely="0.9" relw="1" relh="0.1" />
  </element>
  <element name="IconX" type="int" value="1"/>
  <element name="IconY" type="int" value="1"/>
  <element name="IconSize" type="int" value="10"/>
  <element name="TitleX" type="int" value="13"/>
  <element name="TitleY" type="int" value="-2"/>
  <element name="ButtonsLeft" type="int" value="1"/>
  <element name="ButtonsDown" type="int" value="1"/>
  <element name="ButtonSpacing" type="int" value="1"/>
  <element name="ButtonSize" type="int" value="10"/>
  <element name="ButtonCloseShow" type="bool" value="True"/>
  <element name="ButtonAlphaShow" type="bool" value="True"/>
  <element name="TitleTextCenter" type="bool" value="False"/>
  <element name="TitleFontSize" type="float" value="8"/>
  <element name="TitleFontName" type="string" value="Calibri"/>
  <element name="TitleFontWeight" type="int" value="400"/>
  <element name="TitleTextOptions" type="int" value="32"/>
  <!--Title Text Color DeSelected OutOfFocus-->
  <element name="TitleFontColor" type="color" value="FF00bfff"/>
  <element name="TitleFontSize_Selected" type="float" value="8"/>
  <element name="TitleFontName_Selected" type="string" value="Calibri"/>
  <element name="TitleFontWeight_Selected" type="int" value="400"/>
  <element name="TitleTextOptions_Selected" type="int" value="32"/>
  <!--Title Text Color Select Focus-->
  <element name="TitleFontColor_Selected" type="color" value="FF00bfff"/>
  <element name="TitleFontShadowSize" type="int" value="0"/>
  <element name="TitleFontShadowAlpha" type="int" value="255"/>
  <element name="TitleFontShadowColor" type="color" value="FF000000"/>
  <element name="TitleFontShadowSize_Selected" type="int" value="0"/>
  <element name="TitleFontShadowAlpha_Selected" type="int" value="255"/>
  <element name="TitleFontShadowColor_Selected" type="color" value="FF000000"/>
  <element name="ViewTopBackground" type="filloption">
    <color value="FF323232" position="proportionrelative" relx="0" rely="0" relw="1" relh="0.5" />
    <color value="FF000000" position="proportionrelative" relx="0" rely="0.5" relw="1" relh="0.5" />
  </element>
  <element name="ViewTopBackground_Selected" type="filloption">
    <color value="FF323232" position="proportionrelative" relx="0" rely="0" relw="1" relh="0.5" />
    <color value="FF000000" position="proportionrelative" relx="0" rely="0.5" relw="1" relh="0.5" />
  </element>
  <element name="ViewTitleBottomBorder_Size" type="int" value="0"/>
  <element name="ViewBorderTop_Size" type="int" value="1"/>
  <element name="ViewBorderBottom_Size" type="int" value="1"/>
  <element name="ViewBorderLeft_Size" type="int" value="1"/>
  <element name="ViewBorderRight_Size" type="int" value="1"/>
  <element name="ViewBorderTop_Size_Resizeable" type="int" value="4"/>
  <element name="ViewBorderBottom_Size_Resizeable" type="int" value="4"/>
  <element name="ViewBorderLeft_Size_Resizeable" type="int" value="4"/>
  <element name="ViewBorderRight_Size_Resizeable" type="int" value="4"/>
  <element name="ViewTitleBar_Size" type="int" value="12"/>
  <element name="ViewTitleBottomBorder" type="filloption">
    <color value="FF000000" position="proportionrelative" relx="0" rely="0" relw="1" relh="1" />
  </element>
  <element name="ViewBorderTop" type="filloption">
    <color value="FF2F4142" position="proportionrelative" relx="0" rely="0" relw="1" relh="1" />
  </element>
  <element name="ViewBorderBottom" type="filloption">
    <color value="FF2F4142" position="proportionrelative" relx="0" rely="0" relw="1" relh="1" />
  </element>
  <element name="ViewBorderLeft" type="filloption">
    <color value="FF2F4142" position="proportionrelative" relx="0" rely="0" relw="1" relh="1" />
  </element>
  <element name="ViewBorderRight" type="filloption">
    <color value="FF2F4142" position="proportionrelative" relx="0" rely="0" relw="1" relh="1" />
  </element>
  <element name="ViewCornerUL" type="filloption">
    <color value="FF2F4142" position="proportionrelative" relx="0" rely="0" relw="1" relh="1" />
  </element>
  <element name="ViewCornerLL" type="filloption">
    <color value="FF2F4142" position="proportionrelative" relx="0" rely="0" relw="1" relh="1" />
  </element>
  <element name="ViewCornerUR" type="filloption">
    <color value="FF2F4142" position="proportionrelative" relx="0" rely="0" relw="1" relh="1" />
  </element>
  <element name="ViewCornerLR" type="filloption">
    <color value="FF2F4142" position="proportionrelative" relx="0" rely="0" relw="1" relh="1" />
  </element>
  <element name="ViewBorderTop_Highlight" type="filloption">
    <color value="FF303030" position="proportionrelative" relx="0" rely="0" relw="1" relh="1" />
  </element>
  <element name="ViewBorderBottom_Highlight" type="filloption">
    <color value="FF303030" position="proportionrelative" relx="0" rely="0" relw="1" relh="1" />
  </element>
  <element name="ViewBorderLeft_Highlight" type="filloption">
    <color value="FF303030" position="proportionrelative" relx="0" rely="0" relw="1" relh="1" />
  </element>
  <element name="ViewBorderRight_Highlight" type="filloption">
    <color value="FF303030" position="proportionrelative" relx="0" rely="0" relw="1" relh="1" />
  </element>
  <element name="ViewCornerUL_Highlight" type="filloption">
    <color value="FF303030" position="proportionrelative" relx="0" rely="0" relw="1" relh="1" />
  </element>
  <element name="ViewCornerLL_Highlight" type="filloption">
    <color value="FF303030" position="proportionrelative" relx="0" rely="0" relw="1" relh="1" />
  </element>
  <element name="ViewCornerUR_Highlight" type="filloption">
    <color value="FF303030" position="proportionrelative" relx="0" rely="0" relw="1" relh="1" />
  </element>
  <element name="ViewCornerLR_Highlight" type="filloption">
    <color value="FF303030" position="proportionrelative" relx="0" rely="0" relw="1" relh="1" />
  </element>
  <element name="TooltipBorderTop" type="filloption">
    <color value="FF363636" position="proportionrelative" relx="0" rely="0" relw="1" relh="1" />
  </element>
  <element name="TooltipBorderBottom" type="filloption">
    <color value="FF363636" position="proportionrelative" relx="0" rely="0" relw="1" relh="1" />
  </element>
  <element name="TooltipBorderLeft" type="filloption">
    <color value="FF363636" position="proportionrelative" relx="0" rely="0" relw="1" relh="1" />
  </element>
  <element name="TooltipBorderRight" type="filloption">
    <color value="FF363636" position="proportionrelative" relx="0" rely="0" relw="1" relh="1" />
  </element>
  <element name="TooltipCornerUL" type="filloption">
    <color value="FF363636" position="proportionrelative" relx="0" rely="0" relw="1" relh="1" />
  </element>
  <element name="TooltipCornerLL" type="filloption">
    <color value="FF363636" position="proportionrelative" relx="0" rely="0" relw="1" relh="1" />
  </element>
  <element name="TooltipCornerUR" type="filloption">
    <color value="FF363636" position="proportionrelative" relx="0" rely="0" relw="1" relh="1" />
  </element>
  <element name="TooltipCornerLR" type="filloption">
    <color value="FF363636" position="proportionrelative" relx="0" rely="0" relw="1" relh="1" />
  </element>
  <element name="TooltipBackground" type="filloption">
    <color value="FF000000" position="proportionrelative" relx="0" rely="0" relw="1" relh="1" />
  </element>
  <element name="TooltipTextColor" type="color" value="FF4DB5C2"/>
  <element name="TooltipTextShadowColor" type="color" value="FF000000"/>
  <element name="TooltipTextShadowSize" type="int" value="0"/>
  <element name="TooltipTextShadowAlpha" type="int" value="255"/>
  <element name="TooltipTextFontSize" type="int" value="8"/>
  <element name="TooltipTextFontName" type="string" value="Calibri"/>
  <element name="TooltipBorder_Size" type="int" value="1"/>
  <element name="TooltipPadding" type="int" value="2"/>
  <element name="ConsoleBackground" type="filloption">
    <color value="FF1C1C1C" position="proportionrelative" relx="0" rely="0" relw="1" relh="1" />
  </element>
  <element name="ConsoleColorScheme" type="consolescheme" value="AC_Scheme"/>
  <element name="ConsoleTextFontFace" type="string" value="Calibri"/>
  <element name="ConsoleTextFontSize" type="float" value="8"/>
  <element name="ConsoleTextFontWeight" type="int" value="0"/>
  <element name="ConsoleTextFontShadowColor" type="color" value="FF000000"/>
  <element name="ConsoleTextFontShadowSize" type="int" value="0"/>
  <element name="ConsoleTextFontShadowAlpha" type="int" value="255"/>
  <element name="Hint_ListTextSelectionColor" type="color" value="FF800080"/>
  <element name="Hint_VVSBarItemUnderlay" type="filloption">
    <color value="FF363636" position="proportionrelative" relx="0" rely="0" relw="1" relh="1" />
  </element>
</vvstheme>
